"countyId","city"
"1","Budapest"
"2","Bátya"
"2","Hajós"
"2","Ladánybene"
"2","Tázlár"
"2","Bácsborsód"
"2","Foktő"
"2","Kulcs"
"2","Szalkszentmárton"
"2","Dunavecse"
"2","Kerekegyháza"
"2","Rém"
"2","Dávod"
"2","Kalocsa"
"2","Ónod"
"2","Bugacpusztaháza"
"2","Hercegszántó"
"2","Mátételke"
"2","Töltéstava"
"2","Ballószög"
"2","Gara"
"2","Kunfehértó"
"2","Tabdi"
"2","Apostag"
"2","Fajsz"
"2","Kiskunmajsa"
"2","Sümeg"
"2","Dunapataj"
"2","Kecskemét"
"2","Pálmonostora"
"2","Csengőd"
"2","Jakabszállás"
"2","Nagybaracska"
"2","Városföld"
"2","Boconád"
"2","Harkakötöny"
"2","Lajosmizse"
"2","Tiszaalpár"
"2","Bácsszentgyörgy"
"2","Fülöpjakab"
"2","Külsővat"
"2","Szank"
"2","Dusnok"
"2","Kiskorpád"
"2","Sokorópátka"
"2","Drágszél"
"2","Kaskantyú"
"2","őr"
"2","Császártöltés"
"2","Homokkomárom"
"2","Mélykút"
"2","Újsolt"
"2","Balotaszállás"
"2","Gátér"
"2","Küngös"
"2","Tass"
"2","Bácsalmás"
"2","Felsőlajos"
"2","Kisszállás"
"2","Szabadszállás"
"2","Dunaszentbenedek"
"2","Kelebia"
"2","Petőfiszállás"
"2","Csikéria"
"2","Jánoshalma"
"2","Nemesnádudvar"
"2","Vaskút"
"2","Bóly"
"2","Harta"
"2","Lakitelek"
"2","Tiszakécske"
"2","Bácsszőlős"
"2","Fülöpszállás"
"2","Kunadacs"
"2","Szentkirály"
"2","Ágasegyháza"
"2","Érsekcsanád"
"2","Kiskunfélegyháza"
"2","Solt"
"2","Dunaegyháza"
"2","Katymár"
"2","Oszlár"
"2","Csátalja"
"2","Imrehegy"
"2","Miske"
"2","Újtelek"
"2","Bátmonostor"
"2","Géderlak"
"2","Kunpeszér"
"2","Tataháza"
"2","Bácsbokod"
"2","Felsőszentiván"
"2","Körösszegapáti"
"2","Szakmár"
"2","Dunatetétlen"
"2","Kéleshalom"
"2","Pirtó"
"2","Csököly"
"2","Jászszentlászló"
"2","Nyárlőrinc"
"2","Zsana"
"2","Bugac"
"2","Helvécia"
"2","Madaras"
"2","Tiszaug"
"2","Baja"
"2","Fülpösdaróc"
"2","Kunbaja"
"2","Szeremle"
"2","Akasztó"
"2","Érsekhalma"
"2","Kiskunhalas"
"2","Soltszentimre"
"2","Dunafalva"
"2","Kecel"
"2","Páhi"
"2","Csávoly"
"2","Izsák"
"2","Mórahalom"
"2","Úrkút"
"3","Drávacsehi"
"3","Görgeteg"
"3","Keszü"
"3","Lapáncsa"
"3","Mindszentgodisa"
"3","Páprád"
"3","Sükösd"
"3","Tésenfa"
"3","Belvárdgyula"
"3","Gerényes"
"3","Kárász"
"3","Koppányszántó"
"3","Mátyásdomb"
"3","Olaszfalu"
"3","Siklósnagyfalu"
"3","Szorosad"
"3","Zengővárkony"
"3","Baksa"
"3","Cserkút"
"3","Erzsébet"
"3","Ibafa"
"3","Kistótfalu"
"3","Maráza"
"3","Nyugotszenterzsébet"
"3","Sámod"
"3","Szentlászló"
"3","Véménd"
"3","Apátvarasd"
"3","Borsodgeszt"
"3","Egerág"
"3","Himesháza"
"3","Kisjakabfalva"
"3","Magyarlukafa"
"3","Nagykőrös"
"3","Piskó"
"3","Szederkény"
"3","Varga"
"3","Abaliget"
"3","Bódvalenke"
"3","Drávakeresztúr"
"3","Harkány"
"3","Kisbeszterce"
"3","Lórév"
"3","Monoszló"
"3","Pécsdevecser"
"3","Szalánta"
"3","Tornyospálca"
"3","Bezedek"
"3","Gömörszőlős"
"3","Kékesd"
"3","Köveskál"
"3","Mekényes"
"3","Palé"
"3","Somogyhárságy"
"3","Tékes"
"3","Baranyajenő"
"3","Dencsháza"
"3","Felsőszentmárton"
"3","Ivándárda"
"3","Kömpöc"
"3","Marócsa"
"3","Óföldeák"
"3","Sellye"
"3","Szilvás"
"3","Vokány"
"3","Babarcszőlős"
"3","Csarnóta"
"3","Endrőc"
"3","Hortobágy"
"3","Kisszentmárton"
"3","Magyartelek"
"3","Nagytőke"
"3","Regenye"
"3","Szentdénes"
"3","Vejti"
"3","Almáskeresztúr"
"3","Bokor"
"3","Drávaszerdahely"
"3","Helesfa"
"3","Kishajmás"
"3","Magyarbóly"
"3","Nagydobsza"
"3","Pereked"
"3","Szászvár"
"3","Újpetre"
"3","Bisse"
"3","Drávacsepely"
"3","Gyód"
"3","Kétújfalu"
"3","Liget"
"3","Moha"
"3","Patapoklosi"
"3","Szabadszentkirály"
"3","Téseny"
"3","Beremend"
"3","Geresdlak"
"3","Kásád"
"3","Körmend"
"3","Máza"
"3","Ópusztaszer"
"3","Som"
"3","Szuhakálló"
"3","Zók"
"3","Bánfa"
"3","Csertő"
"3","Fazekasboda"
"3","Illocska"
"3","Kisvaszar"
"3","Márfa"
"3","Óbánya"
"3","Sárok"
"3","Szentlőrinc"
"3","Versend"
"3","Aranyosgadány"
"3","Bükkszék"
"3","Egyházasharaszti"
"3","Hirics"
"3","Kiskassa"
"3","Magyarmecske"
"3","Nagynyárád"
"3","Pócsa"
"3","Székelyszabar"
"3","Vásárosbéc"
"3","Adorjás"
"3","Bódvarákó"
"3","Drávapalkonya"
"3","Hásságy"
"3","Kisbudmér"
"3","Lőrinci"
"3","Mosonszolnok"
"3","Pécsudvard"
"3","Szalatnak"
"3","Tótvázsony"
"3","Bicsérd"
"3","Gönc"
"3","Kémes"
"3","Kozárd"
"3","Merenye"
"3","Palkonya"
"3","Somogyvár"
"3","Teklafalu"
"3","Baranyaszentgyörgy"
"3","Dinnyeberki"
"3","Garé"
"3","Kacsóta"
"3","Kondoros"
"3","Márok"
"3","Óhid"
"3","Siklós"
"3","Szombathely"
"3","Zádor"
"3","Bakóca"
"3","Csebény"
"3","Erdősmárok"
"3","Horvátzsidány"
"3","Kistamási"
"3","Majs"
"3","Nagyváty"
"3","Romhány"
"3","Szentegát"
"3","Vékény"
"3","Alsómocsolád"
"3","Bolhó"
"3","Drávasztára"
"3","Hetvehely"
"3","Kisharsány"
"3","Magyaregregy"
"3","Nagyhajmás"
"3","Peterd"
"3","Szava"
"3","Vajszló"
"3","Bocska"
"3","Drávafok"
"3","Gyöngyös"
"3","Királyegyháza"
"3","Lippó"
"3","Mohács"
"3","Pécs"
"3","Szágy"
"3","Tófő"
"3","Berkesd"
"3","Gilvánfa"
"3","Katádfa"
"3","Környe"
"3","Mecseknádasd"
"3","Orfő"
"3","Somogyacsa"
"3","Szurdokpüspöki"
"3","Bár"
"3","Csombárd"
"3","Feked"
"3","Ipacsfa"
"3","Kölked"
"3","Máriakéménd"
"3","Ócsa"
"3","Sásd"
"3","Szigetvár"
"3","Villány"
"3","Áta"
"3","Büssü"
"3","Egyházaskozár"
"3","Hobol"
"3","Kislippó"
"3","Magyarsarlós"
"3","Nagypall"
"3","Pogány"
"3","Szellő"
"3","Vásárosdombó"
"3","Ág"
"3","Bódvaszilas"
"3","Drávapiski"
"3","Hegyhátmaróc"
"3","Kisdér"
"3","Lúzsok"
"3","Nagybudmér"
"3","Pécsvárad"
"3","Szaporca"
"3","Túrkeve"
"3","Bikal"
"3","Gordisa"
"3","Kemse"
"3","Lánycsók"
"3","Meződ"
"3","Palotabozsok"
"3","Sóshartyán"
"3","Tengeri"
"3","Basal"
"3","Diósviszló"
"3","Gerde"
"3","Kákics"
"3","Kóny"
"3","Martonfa"
"3","Okány"
"3","Siklósbodony"
"3","Szomód"
"3","Zaláta"
"3","Bakonya"
"3","Cserdi"
"3","Erdősmecske"
"3","Husztót"
"3","Kistapolca"
"3","Mánfa"
"3","Nemeske"
"3","Romonya"
"3","Szentkatalin"
"3","Velény"
"3","Alsószentmárton"
"3","Borsfa"
"3","Dunaszekcső"
"3","Hidas"
"3","Kisherend"
"3","Magyarhertelend"
"3","Nagyharsány"
"3","Pettend"
"3","Szebény"
"3","Várad"
"3","Bodajk"
"3","Drávaiványi"
"3","Gyöngyösoroszi"
"3","Kisasszonyfa"
"3","Liptód"
"3","Molnaszecsőd"
"3","Pécsbagota"
"3","Szajk"
"3","Tömörkény"
"3","Besence"
"3","Gógánfa"
"3","Kátoly"
"3","Kőröshegy"
"3","Mecsekpölöske"
"3","Orosztony"
"3","Somogygeszti"
"3","Tarrós"
"3","Baranyahidvég"
"3","Cún"
"3","Felsőegerszeg"
"3","Ivánbattyán"
"3","Kolontár"
"3","Markóc"
"3","Ócsárd"
"3","Sátorhely"
"3","Szilágy"
"3","Villánykövesd"
"3","Babarc"
"3","Csányoszró"
"3","Ellend"
"3","Homokszentgyörgy"
"3","Kisnyárád"
"3","Magyarszék"
"3","Nagypeterd"
"3","Rádfalva"
"3","Szemely"
"3","Vázsnok"
"3","Almamellék"
"3","Bogyoszló"
"3","Drávaszabolcs"
"3","Hegyszentmárton"
"3","Kisdobsza"
"3","Mágocs"
"3","Nagycsány"
"3","Pellérd"
"3","Szárász"
"3","Udvar"
"3","Birján"
"4","Békésszentandrás"
"4","Kömlő"
"4","Szarvas"
"4","Kardoskút"
"4","Öregcsertő"
"4","Geszt"
"4","Nagybánhegyes"
"4","Döbrönte"
"4","Medgyesegyháza"
"4","Csabacsőd"
"4","Kőszegszerdahely"
"4","Tornyosnémeti"
"4","Békés"
"4","Kétsoprony"
"4","Sarkad"
"4","Hunya"
"4","Orci"
"4","Füzesgyarmat"
"4","Mezőhegyes"
"4","Csönge"
"4","Magyarbánhegyes"
"4","Vésztő"
"4","Bélmegyer"
"4","Kőszárhegy"
"4","Szeghalom"
"4","Kaszaper"
"4","Ózd"
"4","Gyomaendrőd"
"4","Nagykamarás"
"4","Dóc"
"4","Méhkerék"
"4","Csabaszabadi"
"4","Kővágószőlős"
"4","Újkígyós"
"4","Békéscsaba"
"4","Kevermes"
"4","Sarkadkeresztúr"
"4","Kamut"
"4","Ordacsehi"
"4","Gádoros"
"4","Mezőkovácsháza"
"4","Dévaványa"
"4","Magyardombegyház"
"4","Zsadány"
"4","Biharugra"
"4","Kőszeg"
"4","Tarhos"
"4","Almáskamarás"
"4","Kertészsziget"
"4","Pusztacsalád"
"4","Gyügye"
"4","Nagyszénás"
"4","Ecsegfalva"
"4","Mezőberény"
"4","Csanádapáca"
"4","Külsősárd"
"4","Újszalonta"
"4","Békéssámson"
"4","Kisdombegyház"
"4","Szabadkígyós"
"4","Kardos"
"4","Ordas"
"4","Gerendás"
"4","Murony"
"4","Döbörhegy"
"4","Medgyesbodzás"
"4","Bucsa"
"4","Kőszegdoroszló"
"4","Telekgerendás"
"4","Battonya"
"4","Kétegyháza"
"4","Pusztakovácsi"
"4","Gyula"
"4","Ófehértó"
"4","Elek"
"4","Mezőgyán"
"4","Csárdaszállás"
"4","Lovasberény"
"4","Végegyháza"
"5","Baktakék"
"5","Bükkszentmárton"
"5","Felsőgagy"
"5","Háromhuta"
"5","Kács"
"5","Léh"
"5","Novaj"
"5","Rátka"
"5","Sátoraljaújhely"
"5","Tállya"
"5","Vágáshuta"
"5","Alsóvadász"
"5","Börcs"
"5","Erdőbénye"
"5","Gönyű"
"5","Imola"
"5","Krasznokvajda"
"5","Nagycsécs"
"5","Pusztamagyaród"
"5","Sajószöged"
"5","Szügy"
"5","Tormás"
"5","Alacska"
"5","Böhönye"
"5","Dozmat"
"5","Gagyvendégi"
"5","Hernádvécse"
"5","Kissikátor"
"5","Miskolc"
"5","Pányok"
"5","Sajónémeti"
"5","Szerencs"
"5","Tiszavalk"
"5","Abaújkér"
"5","Bodony"
"5","Csókakő"
"5","Füzér"
"5","Hernádcéce"
"5","Kesznyéten"
"5","Mezőcsát"
"5","Orosháza"
"5","Sajóivánka"
"5","Szegi"
"5","Tiszakeszi"
"5","Zádorfalva"
"5","Baskó"
"5","Csenyéte"
"5","Felsőtelekes"
"5","Hejőbába"
"5","Karos"
"5","Makkoshotyka"
"5","Nyőgér"
"5","Ricse"
"5","Sima"
"5","Telkibánya"
"5","Varbóc"
"5","Arnót"
"5","Bükkaranyos"
"5","Farkaslyuk"
"5","Halmaj"
"5","Jákfalva"
"5","Ládbesenyő"
"5","Négyes"
"5","Rakaca"
"5","Sárazsadány"
"5","Taktaharkány"
"5","Újcsanálos"
"5","Alsóregmec"
"5","Bőny"
"5","Egerszólát"
"5","Gesztely"
"5","Hollád"
"5","Komoró"
"5","Múcsony"
"5","Perkupa"
"5","Sajópüspöki"
"5","Szirmabesenyő"
"5","Tompaládony"
"5","Abaújvár"
"5","Bodrogkeresztúr"
"5","Dédestapolcsány"
"5","Gadna"
"5","Hernádpetri"
"5","Kishuta"
"5","Mezőnyárád"
"5","Pácin"
"5","Sajólád"
"5","Szendrőlád"
"5","Tiszatardos"
"5","Zsujta"
"5","Beret"
"5","Csincse"
"5","Folyás"
"5","Hejőszalonta"
"5","Kelemér"
"5","Megyaszó"
"5","őrbottyán"
"5","Sajóecseg"
"5","Szalaszend"
"5","Tiszacsermely"
"5","Viss"
"5","Balajt"
"5","Bürüs"
"5","Felsőkelecsény"
"5","Harsány"
"5","Kánó"
"5","Lénárddaróc"
"5","Nyékládháza"
"5","Regéc"
"5","Selyeb"
"5","Tarcal"
"5","Vajdácska"
"5","Alsózsolca"
"5","Bordány"
"5","Erdőhorváti"
"5","Gór"
"5","Ináncs"
"5","Kunszentmárton"
"5","Nagyhuta"
"5","Pusztaszentlászló"
"5","Sajóvámos"
"5","Szuha"
"5","Tormásliget"
"5","Alsóberecki"
"5","Bojt"
"5","Dubicsány"
"5","Galvács"
"5","Hét"
"5","Kistokaj"
"5","Mogyorósbánya"
"5","Parasznya"
"5","Sajóörös"
"5","Szikszó"
"5","Tök"
"5","Abaújlak"
"5","Bodorfa"
"5","Damak"
"5","Füzérkajata"
"5","Hernádkak"
"5","Királd"
"5","Mezőkeresztes"
"5","Oroszi"
"5","Sajókápolna"
"5","Szegilong"
"5","Tiszaladány"
"5","Zalkod"
"5","Becskeháza"
"5","Cserépfalu"
"5","Felsővadász"
"5","Hejőkeresztúr"
"5","Kazincbarcika"
"5","Mályi"
"5","Okorvölgy"
"5","Rudabánya"
"5","Sorokpolány"
"5","Teresztenye"
"5","Vatta"
"5","Ároktő"
"5","Bükkmogyorósd"
"5","Felsőberecki"
"5","Hangács"
"5","Járdánháza"
"5","Lak"
"5","Nekézseny"
"5","Rakacaszend"
"5","Sárospatak"
"5","Taktakenéz"
"5","Und"
"5","Alsószuha"
"5","Bonyhád"
"5","Emőd"
"5","Girincs"
"5","Homorúd"
"5","Konyár"
"5","Muhi"
"5","Prügy"
"5","Sajósenye"
"5","Szokolya"
"5","Tordas"
"5","Abod"
"5","Bodrogkisfalud"
"5","Detek"
"5","Gagyapáti"
"5","Hernádszentandrás"
"5","Kiskinizs"
"5","Mezőzombor"
"5","Pálháza"
"5","Sajólászlófalva"
"5","Szentistván"
"5","Tiszatarján"
"5","Zubogy"
"5","Berzék"
"5","Csobád"
"5","Fonyód"
"5","Hercegkút"
"5","Kenézlő"
"5","Méra"
"5","Örményes"
"5","Sajógalgóc"
"5","Szalonna"
"5","Tiszadorogma"
"5","Viszló"
"5","Bánhorváti"
"5","Buzsák"
"5","Felsőnyárád"
"5","Hegymeg"
"5","Kány"
"5","Litka"
"5","Nyésta"
"5","Répáshuta"
"5","Semjén"
"5","Tard"
"5","Vámosszabadi"
"5","Arka"
"5","Borsodnádasd"
"5","Fáj"
"5","Görbeháza"
"5","Irota"
"5","Kunsziget"
"5","Nagykinizs"
"5","Radostyán"
"5","Sajóvelezd"
"5","Szuhafő"
"5","Tornakápolna"
"5","Alsódobsza"
"5","Bókaháza"
"5","Edelény"
"5","Garadna"
"5","Hidasnémeti"
"5","Kölesd"
"5","Molvány"
"5","Pere"
"5","Sajópálfala"
"5","Szin"
"5","Tököl"
"5","Abaújszántó"
"5","Bodrog"
"5","Dámóc"
"5","Füzérkomlós"
"5","Hernádkércs"
"5","Kiscsécs"
"5","Mezőkövesd"
"5","Oroszlány"
"5","Sajókaza"
"5","Szemere"
"5","Tiszalúc"
"5","Zemplénagárd"
"5","Bekecs"
"5","Cserépváralja"
"5","Felsőzsolca"
"5","Hejőkürt"
"5","Kázsmárk"
"5","Mályinka"
"5","Olcsva"
"5","Rudolftelep"
"5","Szakácsi"
"5","Tibolddaróc"
"5","Vilmány"
"5","Aszaló"
"5","Bükkösd"
"5","Felsődobsza"
"5","Hangony"
"5","Jósvafő"
"5","Legyesbénye"
"5","Nemesbikk"
"5","Rásonysápberencs"
"5","Sáta"
"5","Taktaszada"
"5","Vadna"
"5","Alsótelekes"
"5","Bonyhádvarasd"
"5","Encs"
"5","Göd"
"5","Igrici"
"5","Kosd"
"5","Nagybarca"
"5","Pusztaberki"
"5","Sajószentpéter"
"5","Szomor"
"5","Tormafölde"
"5","Aggtelek"
"5","Bodrogolaszi"
"5","Döbrököz"
"5","Gagybátor"
"5","Hernádszurdok"
"5","Kisrozvágy"
"5","Mikóháza"
"5","Pamlény"
"5","Sajómercse"
"5","Szentistvánbaksa"
"5","Tiszaújváros"
"5","Abaújalpár"
"5","Bodonhely"
"5","Csobaj"
"5","Füle"
"5","Hernádbőd"
"5","Keresztéte"
"5","Meszes"
"5","Ormosbánya"
"5","Sajóhidvég"
"5","Szászfa"
"5","Tiszakarád"
"5","Vizsoly"
"5","Bánréve"
"5","Cigánd"
"5","Felsőregmec"
"5","Hejce"
"5","Karcsa"
"5","Mád"
"5","Nyíri"
"5","Révleányvár"
"5","Serényfalva"
"5","Tardona"
"5","Varbó"
"5","Arló"
"5","Borsodszirák"
"5","Fancsal"
"5","Györköny"
"5","Izsófalva"
"5","Lácacséke"
"5","Nagyrozvágy"
"5","Ragály"
"5","Sály"
"5","Taktabáj"
"5","Trizs"
"5","Alsógagy"
"5","Bonnya"
"5","Egerlövő"
"5","Gelej"
"5","Hidvégardó"
"5","Komárom"
"5","Monaj"
"5","Perecse"
"5","Sajópetri"
"5","Szinpetri"
"5","Tolnanémedi"
"5","Abaújszolnok"
"5","Bodroghalom"
"5","Debréte"
"5","Füzérradvány"
"5","Hernádnémeti"
"5","KisGyőr"
"5","Mezőnagymihály"
"5","Oroszló"
"5","Sajókeresztúr"
"5","Szendrő"
"5","Tiszapalkonya"
"5","Ziliz"
"5","Berente"
"5","Csernely"
"5","Filkeháza"
"5","Hejőpapi"
"5","Kéked"
"5","Martonyi"
"5","Olcsvaapáti"
"5","Sajóbábony"
"5","Szakáld"
"5","Tiszabábolna"
"5","Vilyvitány"
"6","Deszk"
"6","Rózsaszentmárton"
"6","Csanádalberti"
"6","Nagytótfalu"
"6","Ambrózfalva"
"6","Maroslele"
"6","Kistelek"
"6","Uszka"
"6","Fábiánsebestyén"
"6","Szeged"
"6","Csólyospálos"
"6","Pitvaros"
"6","Baks"
"6","Nagyér"
"6","Kurityán"
"6","Forráskút"
"6","Tiszasziget"
"6","Döbröce"
"6","Ruzsa"
"6","Csanádpalota"
"6","Öcsöd"
"6","Apátfalva"
"6","Mártély"
"6","Kiszombor"
"6","Zákányszék"
"6","Felgyő"
"6","Szegvár"
"6","Csoma"
"6","Pusztafalu"
"6","Balástya"
"6","Nagylak"
"6","Magyarcsanád"
"6","Hódmezővásárhely"
"6","Tótkomlós"
"6","Dobronhegy"
"6","Sándorfalva"
"6","Csanytelek"
"6","Ólmod"
"6","Árpádhalom"
"6","Mindszent"
"6","Klárafalva"
"6","Zsombó"
"6","Ferencszállás"
"6","Székkutas"
"6","Derekegyház"
"6","Pusztaottlaka"
"6","Boldva"
"6","Nagymágocs"
"6","Algyő"
"6","Makó"
"6","Királyhegyes"
"6","Újszentiván"
"6","Eperjes"
"6","Szatymaz"
"6","Csengele"
"6","Ozmánbük"
"6","Ásotthalom"
"6","Mórágy"
"6","Kozármisleny"
"6","Főnyed"
"6","Szentes"
"7","Csákvár"
"7","Magyaralmás"
"7","Sárszentágota"
"7","Besnyő"
"7","Kincsesbánya"
"7","Ráckeresztúr"
"7","Alsószentiván"
"7","Iszkaszentgyörgy"
"7","Pátka"
"7","Velence"
"7","Felcsút"
"7","Nádasdladány"
"7","Tabajd"
"7","Dég"
"7","Mezőfalva"
"7","Sótony"
"7","Cece"
"7","Kübekháza"
"7","Sárkeresztúr"
"7","Baracs"
"7","Kajászó"
"7","Pusztamérges"
"7","Zámoly"
"7","Adony"
"7","Gyulakeszi"
"7","Nagyvenyim"
"7","Ura"
"7","Ercsi"
"7","Mogyoróska"
"7","Szabadhidvég"
"7","Csöde"
"7","Mány"
"7","Sárszentmihály"
"7","Bicske"
"7","Kisapostag"
"7","Sárbogárd"
"7","Bakonycsernye"
"7","Isztimér"
"7","Pázmánd"
"7","Vereb"
"7","Fulókércs"
"7","Nagykarácsony"
"7","Tác"
"7","Dunaújváros"
"7","Mezőkomárom"
"7","Sukoró"
"7","Csabdi"
"7","Lajoskomárom"
"7","Sárkeszi"
"7","Baracska"
"7","Káloz"
"7","Pusztaszabolcs"
"7","Zichyújfalu"
"7","Alap"
"7","Hantos"
"7","Óbarok"
"7","Vajta"
"7","Etyek"
"7","Monyoród"
"7","Szár"
"7","Csömödér"
"7","Martonvásár"
"7","Seregélyes"
"7","Bocskaikert"
"7","Kisláng"
"7","Sáregres"
"7","Bakonykúti"
"7","Iváncsa"
"7","Perkáta"
"7","Vértesacsa"
"7","Gánt"
"7","Nagylók"
"7","Tomor"
"7","Előszállás"
"7","Mezőszentgyörgy"
"7","Szabadbattyán"
"7","Csákberény"
"7","Lepsény"
"7","Sárosd"
"7","Beloiannisz"
"7","Kápolnásnyék"
"7","Rácalmás"
"7","Alcsútdoboz"
"7","Igar"
"7","Pákozd"
"7","Vál"
"7","Fehérvárcsurgó"
"7","Nadap"
"7","Székesfehérvár"
"7","Csót"
"7","Matty"
"7","Sonkád"
"7","Boda"
"7","Kötegyán"
"7","Sárkeresztes"
"7","Balinka"
"7","Jenő"
"7","Polgárdi"
"7","Vértesboglár"
"7","Aba"
"7","Gárdony"
"7","Nagyveleg"
"7","Újbarok"
"7","Enying"
"7","Mezőszilas"
"7","Szabadegyháza"
"8","Hövej"
"8","Nagybajcs"
"8","Ravazd"
"8","Vásárosfalu"
"8","Bakonypéterd"
"8","Fehértó"
"8","Halászi"
"8","Mérges"
"8","Rábasebes"
"8","Újkér"
"8","Acsalag"
"8","Ebergőc"
"8","Gyóró"
"8","Lipót"
"8","Püspökladány"
"8","Táp"
"8","Dénesfa"
"8","Kisfalud"
"8","Pásztori"
"8","Sopronkövesd"
"8","Cirák"
"8","Gyalóka"
"8","Jobaháza"
"8","Nemeskér"
"8","Rózsafa"
"8","Völcsej"
"8","Bezi"
"8","Fertőd"
"8","Hegykő"
"8","Mosdós"
"8","Rábatamási"
"8","Vág"
"8","Ásványráró"
"8","Egyházasfalu"
"8","Győrújbarát"
"8","Máriakálnok"
"8","Rábakecöl"
"8","Tényő"
"8","Dunaszeg"
"8","Győr"
"8","Lázi"
"8","Petőháza"
"8","Szerecseny"
"8","Csikvánd"
"8","Kisbabot"
"8","Ózdfalu"
"8","Soponya"
"8","Botykapeterd"
"8","Fertőszentmiklós"
"8","Ikrény"
"8","Nagycenk"
"8","Répceszemere"
"8","Vének"
"8","Barbacs"
"8","Feketeerdő"
"8","Harka"
"8","Mezőörs"
"8","Rábaszentandrás"
"8","Újrónafő"
"8","Ágfalva"
"8","Écs"
"8","Győrság"
"8","Lövő"
"8","Pusztaszer"
"8","Tápszentmiklós"
"8","Dorogháza"
"8","Kömlőd"
"8","Pázmándfalu"
"8","Szakony"
"8","Csáfordjánosfa"
"8","Gyarmat"
"8","Kajárpéc"
"8","Nyalka"
"8","Sarród"
"8","Zsebeháza"
"8","Böde"
"8","Fertőendréd"
"8","Hidegség"
"8","Mosonmagyaróvár"
"8","Rábcakapi"
"8","Vámosújfalu"
"8","Babót"
"8","Enese"
"8","Győrújfalu"
"8","Markotabödöge"
"8","Rábapatona"
"8","Tét"
"8","Dunaszentpál"
"8","Győrasszonyfa"
"8","Lébény"
"8","Pinnye"
"8","Szil"
"8","Csömör"
"8","Kisbajcs"
"8","Páli"
"8","Sopron"
"8","Bózsva"
"8","Fertőszéplak"
"8","Iván"
"8","Nagylózs"
"8","Répcevis"
"8","Veszkény"
"8","Beled"
"8","Felpéc"
"8","Hédervár"
"8","Mihályi"
"8","Rábaszentmihály"
"8","Üllés"
"8","Agyagosszergény"
"8","Edve"
"8","Győrsövényház"
"8","Maglóca"
"8","Rábacsanak"
"8","Tarjánpuszta"
"8","Dunakiliti"
"8","Komlósd"
"8","Pér"
"8","Szany"
"8","Csapod"
"8","Gyömöre"
"8","Kapuvár"
"8","Nyúl"
"8","Sobor"
"8","Zsira"
"8","Bogád"
"8","Fertőhomok"
"8","Himod"
"8","Mosonszentmiklós"
"8","Rajka"
"8","Várbalog"
"8","Bágyogszovát"
"8","Farád"
"8","Győrzámoly"
"8","Mecsér"
"8","Rábapordány"
"8","Torvaj"
"8","Abda"
"8","Dunasziget"
"8","Györe"
"8","Levél"
"8","Pórszombat"
"8","Szilsárkány"
"8","Darnózseli"
"8","Kisbodak"
"8","Pannonhalma"
"8","Sopronhorpács"
"8","Cakóháza"
"8","Görcsöny"
"8","Jánossomorja"
"8","Nagyszentjános"
"8","Rétalap"
"8","Vitnyéd"
"8","Bezenye"
"8","Fertőboz"
"8","Hegyeshalom"
"8","Móricgát"
"8","Rábaszentmiklós"
"8","Vadosfa"
"8","Árpás"
"8","Egyed"
"8","Győrszemere"
"8","Magyarkeresztúr"
"8","Rábacsécsény"
"8","Tárnokréti"
"8","Dunaremete"
"8","Kunszállás"
"8","Pereszteg"
"8","Szárföld"
"8","Csér"
"8","Gyömrő"
"8","Kimle"
"8","őrimagyarósd"
"8","Söjtör"
"8","Botpalád"
"8","Fertőrákos"
"9","Fülöpháza"
"9","Nyíracsád"
"9","Derecske"
"9","Mikepércs"
"9","Biharnagybajom"
"9","Komlódtótfalu"
"9","Újléta"
"9","Balmazújváros"
"9","Hencida"
"9","Téglás"
"9","Hajdúböszörmény"
"9","Polgár"
"9","Földeák"
"9","Nagykereki"
"9","Csonkamindszent"
"9","Magyarhomorog"
"9","Váncsod"
"9","Berettyóújfalu"
"9","Kismarja"
"9","Tiszagyulaháza"
"9","Ártánd"
"9","Hajdúsámson"
"9","Sárrétudvari"
"9","Gáborján"
"9","Nyíradony"
"9","Ebes"
"9","Monostorapáti"
"9","Bihartorda"
"9","Kótaj"
"9","Újszentmargita"
"9","Báránd"
"9","Hort"
"9","Tépe"
"9","Hajdúdorog"
"9","Pusztavám"
"9","Forró"
"9","Nagyrábé"
"9","Darvas"
"9","Mezőpeterd"
"9","Vekerd"
"9","Bihardancsháza"
"9","Kocsord"
"9","Tokorcs"
"9","Bagamér"
"9","Hajdúszoboszló"
"9","Szentpéterszeg"
"9","Görcsönydoboka"
"9","Nyírmártonfalva"
"9","Egyek"
"9","Nádudvar"
"9","Bócsa"
"9","Kötcse"
"9","Újtikos"
"9","Bedő"
"9","Hosszúhetény"
"9","Tetétlen"
"9","Hajdúhadház"
"9","Sáp"
"9","Fülesd"
"9","Nyírábrány"
"9","Debrecen"
"9","Mezősas"
"9","Zsáka"
"9","Biharkeresztes"
"9","Kokad"
"9","Újiráz"
"9","Bakonszeg"
"9","Hajdúszovát"
"9","Szerep"
"9","Hajdúbagos"
"9","Pocsaj"
"9","Esztár"
"9","Nagyhegyes"
"9","Bogádmindszent"
"9","Létavértes"
"9","Vámospércs"
"9","Berekböszörmény"
"9","Kaba"
"9","Tiszacsege"
"9","Álmosd"
"9","Hajdúnánás"
"9","Sáránd"
"10","Balaton"
"10","Gyöngyösmellék"
"10","Mezőszemere"
"10","Tarnaörs"
"10","Abasár"
"10","Erdőtelek"
"10","Lovászpatona"
"10","Szihalom"
"10","Egerbakta"
"10","Kisfüzes"
"10","Pörböly"
"10","Csány"
"10","Horpács"
"10","Nova"
"10","Vécs"
"10","Besenyőtelek"
"10","Gyönk"
"10","Nagyfüged"
"10","Tenk"
"10","Apc"
"10","Felsőtárkány"
"10","Mátraballa"
"10","Tarnabod"
"10","Egerszalók"
"10","Körösladány"
"10","Sirok"
"10","Dombiratos"
"10","Kápolna"
"10","Pély"
"10","Zagyvaszántó"
"10","Bükkszenterzsébet"
"10","Heves"
"10","Nagyút"
"10","Újlőrincfalva"
"10","Bátor"
"10","Gyöngyöspata"
"10","Mezőtárkány"
"10","Tarnaszentmária"
"10","Adács"
"10","Erk"
"10","Ludas"
"10","Szilvásszentmárton"
"10","Egerbocs"
"10","Kiskőrös"
"10","Recsk"
"10","Demjén"
"10","Istenmezeje"
"10","Örkény"
"10","Verpelét"
"10","Bocfölde"
"10","Halmajugra"
"10","Nagykorpád"
"10","Terpes"
"10","Átány"
"10","Füzesabony"
"10","Mátraderecske"
"10","Tarnalelesz"
"10","Égerszög"
"10","Lovászhetény"
"10","Szajla"
"10","Ecséd"
"10","Karácsond"
"10","Pétervására"
"10","Zaránk"
"10","Bükkszentkereszt"
"10","Hevesaranyos"
"10","Nagyvisnyó"
"10","Vámosgyörk"
"10","Bekölce"
"10","Gyöngyössolymos"
"10","Mikófalva"
"10","Tarnaszentmiklós"
"10","Aldebrő"
"10","Fedémes"
"10","Maklár"
"10","Szúcs"
"10","Egercsehi"
"10","Kisnána"
"10","Röszke"
"10","Detk"
"10","Ivád"
"10","Parád"
"10","Visonta"
"10","Bödeháza"
"10","Hatvan"
"10","Nagyréde"
"10","Tiszanána"
"10","Atkár"
"10","Gyöngyösfalu"
"10","Mátraszentimre"
"10","Tarnaméra"
"10","Erdőkövesd"
"10","Lovászi"
"10","Szentdomonkos"
"10","Eger"
"10","Kerecsend"
"10","Petőfibánya"
"10","Bükkzsérc"
"10","Hevesvezekény"
"10","Noszvaj"
"10","Váraszó"
"10","Bélapátfalva"
"10","Gyöngyöstarján"
"10","Monor"
"10","Tarnazsadány"
"10","Andornaktálya"
"10","Feldebrő"
"10","Markaz"
"10","Szulok"
"10","Egerfarmos"
"10","Komjáti"
"10","Sarud"
"10","Dombegyház"
"10","Kál"
"10","Parádsasvár"
"10","Visznek"
"10","Bogyiszló"
"10","Heréd"
"10","Nagytálya"
"10","Tófalu"
"11","Jászberény"
"11","Rákócziújfalu"
"11","Fegyvernek"
"11","Mezőtúr"
"11","Tornyiszentmiklós"
"11","Alattyán"
"11","Kunbaracs"
"11","Tiszaroff"
"11","Karcag"
"11","Tiszagyenda"
"11","Jászfényszaru"
"11","Sződ"
"11","Jászalsószentgyörgy"
"11","ősi"
"11","Újszász"
"11","Csataszög"
"11","Martfő"
"11","Tiszatenyő"
"11","Kisújszállás"
"11","Tiszakürt"
"11","Jászladány"
"11","Tiszaderzs"
"11","Jászboldogháza"
"11","Szajol"
"11","Hunyadfalva"
"11","Nagyiván"
"11","Tótszerdahely"
"11","Berekfürdő"
"11","Kuncsorba"
"11","Tiszasas"
"11","Kenderes"
"11","Tiszaigar"
"11","Jászivány"
"11","Sződliget"
"11","Jászapáti"
"11","Pusztahencse"
"11","Vezseny"
"11","Csépa"
"11","Mesterszállás"
"11","Tiszavárkony"
"11","Kővágótőttős"
"11","Tiszaörs"
"11","Jászszentandrás"
"11","Tiszaföldvár"
"11","Jászdózsa"
"11","Szászberek"
"11","Jánoshida"
"11","Nagykozár"
"11","Töttös"
"11","Besenyszög"
"11","Kunhegyes"
"11","Tiszasüly"
"11","Kengyel"
"11","Tiszainoka"
"11","Jászjákóhalma"
"11","Tiszabő"
"11","Jászárokszállás"
"11","Rákóczifalva"
"11","Zagyvarékas"
"11","Cserkeszőlő"
"11","Mezőhék"
"11","Tolna"
"11","Abádszalók"
"11","Kunágota"
"11","Tiszapüspöki"
"11","Jásztelek"
"11","Tiszafüred"
"11","Jászfelsőszentgyörgy"
"11","Szelevény"
"11","Jászágó"
"11","Nagyrév"
"11","Türje"
"11","Cibakháza"
"11","Kunmadaras"
"11","Tiszaszentimre"
"11","Kétpó"
"11","Tiszajenő"
"11","Jászkisér"
"11","Tiszabura"
"12","Ács"
"12","Kerékteleki"
"12","Tarján"
"12","Dunaszentmiklós"
"12","Sülysáp"
"12","Csép"
"12","Neszmély"
"12","Bakonyszombathely"
"12","Leányvár"
"12","Vértestolna"
"12","Annavölgy"
"12","Köblény"
"12","Tatabánya"
"12","Gyermely"
"12","Szőkedencs"
"12","Dombóvár"
"12","Pilismarót"
"12","Császár"
"12","Nagyigmánd"
"12","Bajót"
"12","Körösnagyharsány"
"12","Várgesztes"
"12","Ácsteszér"
"12","Kesztölc"
"12","Tárkány"
"12","Epöl"
"12","Süttő"
"12","Csökmő"
"12","Nyergesújfalu"
"12","Bana"
"12","Máriahalom"
"12","Vértesszőlős"
"12","Bábolna"
"12","Kökény"
"12","Tokaj"
"12","Héreg"
"12","Szólád"
"12","Dormánd"
"12","Réde"
"12","Csatka"
"12","Nagysáp"
"12","Bakonybánk"
"12","Körösújfalu"
"12","Vérteskethely"
"12","Aka"
"12","Kisbér"
"12","Tát"
"12","Esztergom"
"12","Szákszend"
"12","Dad"
"12","Orfalu"
"12","Bársonyos"
"12","Mocsa"
"12","Baj"
"12","Kőkút"
"12","Tokod"
"12","Kecskéd"
"12","Tardos"
"12","Dunaalmás"
"12","Sárisáp"
"12","Csém"
"12","Naszály"
"12","Bakonysárkány"
"12","Lábatlan"
"12","Vértessomló"
"12","Almásfüzitő"
"12","Kisigmánd"
"12","Tata"
"12","Ete"
"12","Szárliget"
"12","Dág"
"12","Piliscsév"
"12","Bögöt"
"12","Mogyoród"
"12","Bajna"
"12","Kölcse"
"12","Üllő"
"13","Csitár"
"13","Karancslapujtő"
"13","Nógrádkövesd"
"13","Szőcsi"
"13","Buják"
"13","Ipolytarnóc"
"13","Nagybárkány"
"13","Szécsénke"
"13","Bátonyterenye"
"13","Héhalom"
"13","Mátramindszent"
"13","Salgótarján"
"13","Erdőtarcsa"
"13","Legénd"
"13","Patvarc"
"13","Dombrád"
"13","Kétbodony"
"13","Nógrádsipek"
"13","Terény"
"13","Cserhátsurány"
"13","Karancsalja"
"13","Nemti"
"13","Szente"
"13","Berkenye"
"13","Hont"
"13","Mátraterenye"
"13","Szanda"
"13","Balassagyarmat"
"13","Felsőtold"
"13","Magyargéc"
"13","Rimóc"
"13","Egyházasgerge"
"13","Kishartyán"
"13","Palotás"
"13","Varsány"
"13","Debercsény"
"13","Karancsság"
"13","Nógrádmarcal"
"13","Szulimán"
"13","Cered"
"13","Ipolyvece"
"13","Nagykeresztúr"
"13","Szécsény"
"13","Becske"
"13","Herencsény"
"13","Mátranovák"
"13","Sámsonháza"
"13","Érsekvadkert"
"13","Litke"
"13","Piliny"
"13","Drégelypalánk"
"13","Kisbágyon"
"13","Nógrádszakál"
"13","Tereske"
"13","Cserhátszentiván"
"13","Karancsberény"
"13","Nézsa"
"13","Szilaspogony"
"13","Bögöte"
"13","Hugyag"
"13","Mátraverebély"
"13","Szarvasgede"
"13","Bánk"
"13","Galgaguta"
"13","Magyarnándor"
"13","Románd"
"13","Endrefalva"
"13","Kópháza"
"13","Pásztó"
"13","Vizslás"
"13","Dejtár"
"13","Kazár"
"13","Nógrádmegyer"
"13","Szőr"
"13","Csécse"
"13","Jobbágyi"
"13","Nagylóc"
"13","Szécsényfelfalu"
"13","Bér"
"13","Hollóháza"
"13","Mátraszele"
"13","Sorkikápolna"
"13","Alsópetény"
"13","Etes"
"13","Lucfalva"
"13","Püspökhatvan"
"13","Ecseg"
"13","Kisbárkány"
"13","Novajidrány"
"13","Tolcsva"
"13","Csesztve"
"13","Karancskeszi"
"13","Nógrád"
"13","Szirák"
"13","Borgáta"
"13","Iliny"
"13","Mihálygerge"
"13","Szátok"
"13","Bárna"
"13","Garáb"
"13","Márkháza"
"13","Ságújfalu"
"13","Erdőkürt"
"13","Kurd"
"13","Patak"
"13","Zabar"
"13","Diósjenő"
"13","Keszeg"
"13","Nógrádsáp"
"13","Tar"
"13","Cserháthaláp"
"13","Kálló"
"13","Nagyoroszi"
"13","Szendehely"
"13","Bercel"
"13","Homrogd"
"13","Mátraszőlős"
"13","Szalmatercs"
"13","Alsótold"
"13","Felsőpetény"
"13","Ludányhalászi"
"13","Rétság"
"13","Egyházasdengeleg"
"13","Kisecset"
"13","Öttevény"
"13","Vanyarc"
"14","Csokvaomány"
"14","Iklad"
"14","Nagybörzsöny"
"14","Ráckeve"
"14","Tárnok"
"14","Zebegény"
"14","Budaörs"
"14","Gombosszeg"
"14","Majosháza"
"14","Pilisvörösvár"
"14","Tápióbicske"
"14","Vámosmikola"
"14","Bag"
"14","Felsőpakony"
"14","Kompolt"
"14","Pilisborosjenő"
"14","Szigetújfalu"
"14","Vácduka"
"14","Abony"
"14","Dunaharaszti"
"14","Kiskunlacháza"
"14","Páty"
"14","Szentmártonkáta"
"14","Újhartyán"
"14","Dánszentmiklós"
"14","Isaszeg"
"14","Nagymaros"
"14","Sormás"
"14","Tinnye"
"14","Csemő"
"14","Herceghalom"
"14","Mikebuda"
"14","Pusztaszemes"
"14","Tápiószele"
"14","Verőce"
"14","Budajenő"
"14","Gödöllő"
"14","Letkés"
"14","Pilisszentiván"
"14","Táborfalva"
"14","Vácrátót"
"14","Apaj"
"14","Érd"
"14","Kistarcsa"
"14","Perőcsény"
"14","Szigetmonostor"
"14","Uszód"
"14","Domaszék"
"14","Káva"
"14","Öcs"
"14","Százhalombatta"
"14","Tótszentgyörgy"
"14","Csörnyeföld"
"14","Inárcs"
"14","Nagykáta"
"14","Rád"
"14","Tatárszentgyörgy"
"14","Zsámbék"
"14","Bugyi"
"14","Gyál"
"14","Makád"
"14","Pócsmegyer"
"14","Tápiógyörgye"
"14","Vasad"
"14","Bénye"
"14","Galgagyörk"
"14","Kondó"
"14","Piliscsaba"
"14","Szob"
"14","Vácegres"
"14","Acsa"
"14","Dunakeszi"
"14","Kismaros"
"14","Pécel"
"14","Szigetbecse"
"14","Újlengyel"
"14","Dány"
"14","Jászkarajenő"
"14","Nagytarcsa"
"14","Sümegcsehi"
"14","Tóalmás"
"14","Csévharaszt"
"14","Hernád"
"14","Mőcsény"
"14","Pusztavacs"
"14","Tápiószentmárton"
"14","Verseg"
"14","Budakalász"
"14","Golop"
"14","Lónya"
"14","Pilisszentkereszt"
"14","Tahitótfalu"
"14","Vácszentlászló"
"14","Áporka"
"14","Erdőkertes"
"14","Kocs"
"14","Péteri"
"14","Szigetszentmárton"
"14","Uzsa"
"14","Dorog"
"14","Kemence"
"14","Oszkó"
"14","Szentendre"
"14","Tótújfalu"
"14","Csővár"
"14","Ipolydamásd"
"14","Nagykónyi"
"14","Remeteszőlős"
"14","Telki"
"14","Zsámbok"
"14","Cegléd"
"14","Gyöngyfa"
"14","Márianosztra"
"14","Pölöske"
"14","Tápióság"
"14","Vecsés"
"14","Bernecebaráti"
"14","Galgahévíz"
"14","Kőszegpaty"
"14","Pilisjászfalu"
"14","Szőc"
"14","Váchartyán"
"14","Albertirsa"
"14","Dunavarsány"
"14","Kisnémedi"
"14","Penc"
"14","Szigetcsép"
"14","Újszilvás"
"14","Délegyháza"
"14","Kakucs"
"14","Nyáregyháza"
"14","Sümegprága"
"14","Torony"
"14","Csobánka"
"14","Hévízgyörk"
"14","Monok"
"14","Putnok"
"14","Tápiószőlős"
"14","Visegrád"
"14","Budakeszi"
"14","Gomba"
"14","Maglód"
"14","Pilisszentlászló"
"14","Taksony"
"14","Valkó"
"14","Aszód"
"14","Farmos"
"14","Kocsola"
"14","Pilis"
"14","Szigetszentmiklós"
"14","Vác"
"14","Dunabogdány"
"14","Kerepes"
"14","Pánd"
"14","Szentlőrinckáta"
"14","Tura"
"14","Dabas"
"14","Ipolytölgyes"
"14","Nagykovácsi"
"14","Sóly"
"14","Tésa"
"14","Ceglédbercel"
"14","Halásztelek"
"14","Mende"
"14","Pusztaradvány"
"14","Tápiószecső"
"14","Veresegyház"
"14","Biatorbágy"
"14","Galgamácsa"
"14","Leányfalu"
"14","Pilisszántó"
"14","Szőlősgyörök"
"14","Váckisújfalu"
"14","Alsónémedi"
"14","Ecser"
"14","Kisoroszi"
"14","Perbál"
"14","Szigethalom"
"14","Uraiújfalu"
"14","Diósd"
"14","Kartal"
"14","Nyársapát"
"14","Szada"
"14","Törtel"
"15","Mezőcsokonya"
"15","Poroszló"
"15","Somogymeggyes"
"15","Teleki"
"15","Bokod"
"15","Göncruszka"
"15","Kaposvár"
"15","Patca"
"15","Somogybükkösd"
"15","Szörény"
"15","Bárdudvarnok"
"15","Fony"
"15","Kaposfő"
"15","Libickozma"
"15","Onga"
"15","Solymár"
"15","Szentborbás"
"15","Zimány"
"15","Balatonszabadi"
"15","Drávatamási"
"15","Istvándi"
"15","Kővágóörs"
"15","Nagyszakácsi"
"15","Sántos"
"15","Szabadi"
"15","Visz"
"15","Balatonendréd"
"15","Csolnok"
"15","Hőgyész"
"15","Kisbajom"
"15","Nágocs"
"15","Ráksi"
"15","Somogyszentpál"
"15","Törökszentmiklós"
"15","Alsóbogát"
"15","Bozzai"
"15","Hács"
"15","Kaszó"
"15","Marcali"
"15","Polány"
"15","Somogyfajsz"
"15","Tarany"
"15","Beleg"
"15","Gálosfa"
"15","Kaposmérő"
"15","Pálmajor"
"15","Somogyaracs"
"15","Szőce"
"15","Balatonújlak"
"15","Fiad"
"15","Kálmáncsa"
"15","Lakócsa"
"15","Nikla"
"15","Simonfa"
"15","Szenna"
"15","Zala"
"15","Balatonlelle"
"15","Csurgónagymarton"
"15","Iharos"
"15","Kisköre"
"15","Nagyberki"
"15","Rinyaújlak"
"15","Somogyudvarhely"
"15","Várda"
"15","Bakháza"
"15","Cserénfa"
"15","Hencse"
"15","Kereki"
"15","Mike"
"15","Porrogszentpál"
"15","Somogysámson"
"15","Tengőd"
"15","Bököny"
"15","Gősfa"
"15","Kára"
"15","Patosfa"
"15","Somogycsicsó"
"15","Szuhogy"
"15","Baté"
"15","Fót"
"15","Kaposgyarmat"
"15","Lulla"
"15","Örménykút"
"15","Somlóvecse"
"15","Szentgáloskér"
"15","Zselickisfalud"
"15","Balatonszárszó"
"15","Ecseny"
"15","Jákó"
"15","Kupa"
"15","Nemesdéd"
"15","Sávoly"
"15","Szabás"
"15","Vízvár"
"15","Balatonfenyves"
"15","Csopak"
"15","Homokmégy"
"15","Kisbárapáti"
"15","Nagyatád"
"15","Rinyabesenyő"
"15","Somogyszil"
"15","Tótszentmárton"
"15","Andocs"
"15","Bük"
"15","Hajmás"
"15","Kazsok"
"15","Mernye"
"15","Pördefölde"
"15","Somogyhatvan"
"15","Táska"
"15","Berzence"
"15","Gamás"
"15","Kaposszerdahely"
"15","Pamuk"
"15","Somogyaszaló"
"15","Szolnok"
"15","Bálványos"
"15","Földes"
"15","Kánya"
"15","Látrány"
"15","Nyim"
"15","Siófok"
"15","Szenta"
"15","Zamárdi"
"15","Balatonmáriafürdő"
"15","Darány"
"15","Iharosberény"
"15","Köröm"
"15","Nagycsepely"
"15","Rinyaújnép"
"15","Somogyvámos"
"15","Vése"
"15","Balatonberény"
"15","Csögle"
"15","Heresznye"
"15","Kéthely"
"15","Miklósi"
"15","Pusztadobos"
"15","Somogysárd"
"15","Tikos"
"15","Boldog"
"15","Gyékényes"
"15","Karád"
"15","Péterhida"
"15","Somogydöröcske"
"15","Tab"
"15","Bedegkér"
"15","Gadács"
"15","Kaposhomok"
"15","Magyaratád"
"15","Osztopán"
"15","Somodor"
"15","Szenyér"
"15","Zselickislak"
"15","Balatonszemes"
"15","Edde"
"15","Juta"
"15","Lábod"
"15","Nemeskisfalud"
"15","Segesd"
"15","Szántód"
"15","Vörs"
"15","Balatonföldvár"
"15","Csór"
"15","Hosszúpereszteg"
"15","Kisberény"
"15","Nagybajom"
"15","Rinyakovácsi"
"15","Somogyszob"
"15","Újvárfalva"
"15","Babócsa"
"15","Büttös"
"15","Háromfa"
"15","Kelevíz"
"15","Mesztegnyő"
"15","Pornóapáti"
"15","Somogyjád"
"15","Taszár"
"15","Bodolyabér"
"15","Gige"
"15","Kaposújlak"
"15","Patalom"
"15","Somogybabod"
"15","Szomolya"
"15","Barcs"
"15","Fonó"
"15","Kapoly"
"15","Lengyeltóti"
"15","Ömböly"
"15","Siójut"
"15","Szentbalázs"
"15","Zics"
"15","Balatonőszöd"
"15","Drávagárdony"
"15","Inke"
"15","Kóspallag"
"15","Nagykölked"
"15","Ságvár"
"15","Somogyviszló"
"15","Visnye"
"15","Balatonboglár"
"15","Csokonyavisonta"
"15","Hetes"
"15","Kisasszond"
"15","Mórichida"
"15","Pusztamiske"
"15","Somogysimonyi"
"15","Tornaszentjakab"
"15","Ádánd"
"15","Bősárkány"
"15","Gyugy"
"15","Kastélyosdombó"
"15","Pogányszentpéter"
"15","Somogyegres"
"15","Tapsony"
"15","Bélavár"
"15","Gadány"
"15","Kaposkeresztúr"
"15","Magyaregres"
"15","Ozora"
"15","Somogyapáti"
"15","Szilvásvárad"
"15","Zselicszentpál"
"15","Balatonszentgyörgy"
"15","Felsőmocsolád"
"15","Kadarkút"
"15","Lad"
"15","Nemesvid"
"15","Sérsekszőlős"
"15","Szegerdő"
"15","Zákány"
"15","Balatonkeresztúr"
"15","Csurgó"
"15","Igal"
"15","Kisgyalán"
"15","Nagyberény"
"15","Rinyaszentkirály"
"15","Somogytúr"
"15","Varászló"
"15","Bábonymegyer"
"15","Csákány"
"15","Hedrehely"
"15","Kercseliget"
"16","Beregdaróc"
"16","Géberjén"
"16","Kisvárda"
"16","Nagyvarsány"
"16","Olasz"
"16","Szamosbecs"
"16","Tiszavid"
"16","Aranyosapáti"
"16","Fehérgyarmat"
"16","Kérsemjén"
"16","Nagycserkesz"
"16","Nyírpilis"
"16","Sényő"
"16","Tiszamogyorós"
"16","Demecser"
"16","Jéke"
"16","Mátyus"
"16","Nyírlövő"
"16","Püspökszilágy"
"16","Tiszadada"
"16","Vásárosnamény"
"16","Csaroda"
"16","Hetefejércse"
"16","Magosliget"
"16","Nyírgelse"
"16","Pátyod"
"16","Tiborszállás"
"16","Újkenéz"
"16","Beszterec"
"16","Geszteréd"
"16","Kondorfa"
"16","Nyírbéltek"
"16","Ostffyasszonyfa"
"16","Szamostatárfalva"
"16","Tunyogmatolcs"
"16","Barabás"
"16","Gacsály"
"16","Kisnamény"
"16","Nagyhódos"
"16","Nyírtura"
"16","Szabolcsveresmart"
"16","Tiszaszentmárton"
"16","Ajak"
"16","Eperjeske"
"16","Kék"
"16","Milota"
"16","Nyírmihálydi"
"16","Rétközberencs"
"16","Tiszakerecseny"
"16","Zsarolyán"
"16","Csengersima"
"16","Jánd"
"16","Máriapócs"
"16","Nyírkarász"
"16","Piricse"
"16","Tiszabercel"
"16","Vállaj"
"16","Buj"
"16","Gyüre"
"16","Levelek"
"16","Nyírcsászári"
"16","Papos"
"16","Tákos"
"16","Tyukod"
"16","Beregsurány"
"16","Gégény"
"16","Kisvarsány"
"16","Napkor"
"16","Olaszfa"
"16","Szamoskér"
"16","Tisztaberek"
"16","Baktalórántháza"
"16","Fényeslitke"
"16","Kisar"
"16","Nagydobos"
"16","Nyírtass"
"16","Somogyzsitfa"
"16","Tiszanagyfalu"
"16","Domaháza"
"16","Kállósemjén"
"16","Méhtelek"
"16","Nyírlugos"
"16","Rakamaz"
"16","Tiszadob"
"16","Vasmegyer"
"16","Császló"
"16","Hodász"
"16","Magy"
"16","Nyírgyulaj"
"16","Penészlek"
"16","Timár"
"16","Úny"
"16","Biri"
"16","Gulács"
"16","Koroncó"
"16","Nyírbogát"
"16","Ostoros"
"16","Szamosújlak"
"16","Túristvándi"
"16","Bátorliget"
"16","Garbolc"
"16","Kispalád"
"16","Nagykálló"
"16","Nyírvasvári"
"16","Szakoly"
"16","Tiszatelek"
"16","Anarcs"
"16","Érpatak"
"16","Kékcse"
"16","Nábrád"
"16","Nyírparasznya"
"16","Rohod"
"16","Tiszakóród"
"16","Zsurk"
"16","Csengerújfalu"
"16","Jánkmajtis"
"16","Márokpapi"
"16","Nyírkáta"
"16","Pócspetri"
"16","Tiszabezdéd"
"16","Vámosatya"
"16","Cégénydányád"
"16","Gyúró"
"16","Lókút"
"16","Nyírderzs"
"16","Paszab"
"16","Tarpa"
"16","Újdombrád"
"16","Berkesz"
"16","Gelénes"
"16","Köcsk"
"16","Nemesbőd"
"16","Old"
"16","Szamossályi"
"16","Tivadar"
"16","Balkány"
"16","Fülöp"
"16","Kishódos"
"16","Nagyecsed"
"16","Nyírtelek"
"16","Szabolcs"
"16","Tiszarád"
"16","Dörgicse"
"16","Kálmánháza"
"16","Mérk"
"16","Nyírmada"
"16","Ramocsaháza"
"16","Tiszaeszlár"
"16","Záhony"
"16","Csegöld"
"16","Ibrány"
"16","Mánd"
"16","Nyíribrony"
"16","PénzesGyőr"
"16","Tiszaadony"
"16","Úri"
"16","Borsodbóta"
"16","Győröcske"
"16","Körösszakál"
"16","Nyírbogdány"
"16","Panyola"
"16","Szatmárcseke"
"16","Túrony"
"16","Benk"
"16","Gávavencsellő"
"16","Kisszekeres"
"16","Nagyszekeres"
"16","őcsény"
"16","Szamosangyalos"
"16","Tiszavasvári"
"16","Apagy"
"16","Fábiánháza"
"16","Kemecse"
"16","Nagyar"
"16","Nyírpazony"
"16","Rönök"
"16","Tiszalök"
"16","Darnó"
"16","Jármi"
"16","Mátészalka"
"16","Nyírkércs"
"16","Pölöskefő"
"16","Tiszacsécse"
"16","Vámosoroszi"
"16","Csaholc"
"16","Hermánszeg"
"16","Lövőpetri"
"16","Nyíregyháza"
"16","Pátroha"
"16","Terem"
"16","Újfehértó"
"16","Besenyőd"
"16","Gemzse"
"16","Komádi"
"16","Nyírbátor"
"16","Öskü"
"16","Szamosszeg"
"16","Tornanádaska"
"16","Balsa"
"16","Fürged"
"16","Kisléta"
"16","Nagyhalász"
"16","Nyírtét"
"16","Szabolcsbáka"
"16","Tiszaszalka"
"16","Encsencs"
"16","Kántorjánosi"
"16","Mezőladány"
"16","Nyírmeggyes"
"16","Rápolt"
"16","Tiszakanyár"
"16","Zajta"
"16","Csenger"
"16","Ilk"
"16","Mándok"
"16","Nyírjákó"
"16","Petneháza"
"16","Tiszabecs"
"16","Vaja"
"16","Bosta"
"16","Győrtelek"
"16","Laskod"
"16","Nyírcsaholy"
"16","Pap"
"16","Székely"
"16","Túrricse"
"17","Bikács"
"17","Jágónak"
"17","Nagyszokoly"
"17","Várong"
"17","Alsónyék"
"17","Györgytarló"
"17","Mucsfa"
"17","Tevel"
"17","Fácánkert"
"17","Lengyel"
"17","Szakcs"
"17","Diósberény"
"17","Kistormás"
"17","Regöly"
"17","Boldogkőváralja"
"17","Kapospula"
"17","őrtilos"
"17","Bátaapáti"
"17","Hottó"
"17","Nagykökényes"
"17","Újireg"
"17","Furta"
"17","Miszla"
"17","Szekszárd"
"17","Dunaszentgyörgy"
"17","Kórós"
"17","Sióagárd"
"17","Csikóstőttős"
"17","Kisdorog"
"17","Pincehely"
"17","Bogács"
"17","Kajdacs"
"17","Nagyvejke"
"17","Varsád"
"17","Aparhant"
"17","Győrladamér"
"17","Mucsi"
"17","Told"
"17","Fadd"
"17","Madocsa"
"17","Szálka"
"17","Döge"
"17","Kisvejke"
"17","Sárpilis"
"17","Bőszénfa"
"17","Kaposszekcső"
"17","ősagárd"
"17","Bátaszék"
"17","Iregszemcse"
"17","Nagymányok"
"17","Váralja"
"17","Gerjen"
"17","Mór"
"17","Tamási"
"17","Dúzs"
"17","Kunszentmiklós"
"17","Szakadát"
"17","Dalmand"
"17","Kismányok"
"17","Potony"
"17","Boldogasszonyfa"
"17","Kakasd"
"17","Nak"
"17","Závod"
"17","Attala"
"17","Gyulaháza"
"17","Murga"
"17","Tolmács"
"17","Felsőnána"
"17","Magyarkeszi"
"17","Szárazd"
"17","Dömsöd"
"17","Kocsér"
"17","Sárszentlőrinc"
"17","Cikó"
"17","Keszőhidegkút"
"17","Paks"
"17","Belecska"
"17","Izmény"
"17","Nagyszékely"
"17","Várdomb"
"17","Alsónána"
"17","Grábóc"
"17","Mozsgó"
"17","Tengelic"
"17","Értény"
"17","Lápafő"
"17","Szakály"
"17","Decs"
"17","Kisszékely"
"17","Pusztacsó"
"17","Boldogkőújfalu"
"17","Kalaznó"
"17","Németkér"
"17","Zomba"
"17","Báta"
"17","Harc"
"17","Nagydorog"
"17","Udvari"
"17","Felsőnyék"
"17","Medina"
"17","Szedres"
"17","Dunaföldvár"
"17","Komlóska"
"17","Simontornya"
"17","Csibrák"
"17","Kéty"
"17","Pálfa"
"18","Csörötnek"
"18","Horváthertelend"
"18","Kőröstetétlen"
"18","Nemeskolta"
"18","Rátót"
"18","Táplánszentkereszt"
"18","Csánig"
"18","Harasztifalu"
"18","Kerkáskápolna"
"18","Nagytilaj"
"18","Püspökmolnári"
"18","Szentpéterfa"
"18","Vönöck"
"18","Börzönce"
"18","Gersekarát"
"18","Kemenespálfa"
"18","Molnári"
"18","Perenye"
"18","Szakonyfalu"
"18","Vasszilvágy"
"18","Bejcgyertyános"
"18","Felsőcsatár"
"18","Kám"
"18","Meggyeskovácsi"
"18","Osli"
"18","Sitke"
"18","Vasasszonyfa"
"18","Acsád"
"18","Dömös"
"18","Iklanberény"
"18","Kovácsvágás"
"18","Nick"
"18","Rum"
"18","Tompa"
"18","Csénye"
"18","Hegyhátszentjakab"
"18","Kisunyom"
"18","Nemescsó"
"18","Rábapaty"
"18","Szőkéd"
"18","Celldömölk"
"18","Győrvár"
"18","Kenéz"
"18","Nagymizdó"
"18","Pomáz"
"18","Szeleste"
"18","Velemér"
"18","Borsodivánka"
"18","Gasztony"
"18","Kemeneskápolna"
"18","Mesteri"
"18","Pankasz"
"18","Sóskút"
"18","Vassurány"
"18","Apátistvánfalva"
"18","Egyházashetye"
"18","Jákfa"
"18","Magyarnádalja"
"18","Ópályi"
"18","Sárvár"
"18","Vámoscsalád"
"18","Csősz"
"18","Horvátlövő"
"18","Kőtelek"
"18","Nemesládony"
"18","Répcelak"
"18","Telekes"
"18","Csehi"
"18","Hegyfalu"
"18","Kétvölgy"
"18","Nárai"
"18","Pusztazámor"
"18","Szergény"
"18","Zsédeny"
"18","Bucsu"
"18","Gödre"
"18","Kemenessömjén"
"18","Nádasd"
"18","Peresznye"
"18","Szalafő"
"18","Vasvár"
"18","Bérbaltavár"
"18","Felsőjánosfa"
"18","Karakó"
"18","Megyehid"
"18","Öttömös"
"18","Sopronnémeti"
"18","Vasegerszeg"
"18","Alsószölnök"
"18","Dötk"
"18","Ispánk"
"18","Lócs"
"18","Nyomár"
"18","Sajtoskál"
"18","Tornaszentandrás"
"18","Csepreg"
"18","Hegyhátszentmárton"
"18","Kiszsidány"
"18","Nemeskeresztúr"
"18","Rábatöttös"
"18","Szőlősardó"
"18","Chernelházadamonya"
"18","Halastó"
"18","Kenyeri"
"18","Nagyrákos"
"18","Porcsalma"
"18","Szemenye"
"18","Vép"
"18","Borsodszentgyörgy"
"18","Gencsapáti"
"18","Kemenesmagasi"
"18","Meszlen"
"18","Pápoc"
"18","Sósvertike"
"18","Vasszécseny"
"18","Bajánsenye"
"18","Egyházashollós"
"18","Jánosháza"
"18","Magyarszecsőd"
"18","őriszentpéter"
"18","Sé"
"18","Vasalja"
"18","Daraboshegy"
"18","Hosszúpályi"
"18","Kovácshida"
"18","Nemesmedves"
"18","Répceszentgyörgy"
"18","Tokodaltáró"
"18","Csehimindszent"
"18","Hegyháthodász"
"18","Kisrákos"
"18","Narda"
"18","Rábagyarmat"
"18","Szögliget"
"18","Zsennye"
"18","Bükkábrány"
"18","Gyanógeregye"
"18","Kemenesszentmárton"
"18","Nagygeresd"
"18","Petőmihályfa"
"18","Szarvaskend"
"18","Vát"
"18","Bő"
"18","Felsőmarác"
"18","Katafa"
"18","Mersevát"
"18","Ötvöskónyi"
"18","Söpte"
"18","Vashosszúfalu"
"18","Alsóújlak"
"18","Duka"
"18","Ivánc"
"18","Lukácsháza"
"18","Okorág"
"18","Salköveskút"
"18","Tószeg"
"18","Csipkerek"
"18","Hegyhátszentpéter"
"18","Köröstarcsa"
"18","Nemeskocs"
"18","Rádóckölked"
"18","Tanakajd"
"18","Csákánydoroszló"
"18","Halogy"
"18","Kercaszomor"
"18","Nagysimonyi"
"18","Porrogszentkirály"
"18","Szentgotthárd"
"18","Viszák"
"18","Borzavár"
"18","Gérce"
"18","Kemenesmihályfa"
"18","Mikosszéplak"
"18","Pecöl"
"18","Szaknyér"
"18","Vasszentmihály"
"18","Balogunyom"
"18","Egyházasrádóc"
"18","Káld"
"18","Magyarszombatfa"
"18","Ormándlak"
"18","Simaság"
"18","Vásárosmiske"
"18","Domony"
"18","Ikervár"
"18","Kovácsszénája"
"18","Nemesrempehollós"
"18","Rozsály"
"18","Tomajmonostora"
"18","Csempeszkopács"
"18","Hegyhátsál"
"18","Kissomlyó"
"18","Nemesborzova"
"18","Rábahidvég"
"18","Szőke"
"18","Cák"
"18","Gyöngyöshalász"
"18","Kemestaródfa"
"18","Nagykörő"
"18","Pinkamindszent"
"18","Szatta"
"18","Velem"
"18","Bolhás"
"18","Felsőszölnök"
"18","Keléd"
"18","Mesterháza"
"18","Pácsony"
"18","Sorkifalud"
"18","Vaskeresztes"
"18","Andrásfa"
"18","Egervölgy"
"18","Ják"
"18","Magyarlak"
"18","Olaszliszka"
"18","Sárfimizdó"
"18","Uppony"
"19","Alsóörs"
"19","Bánd"
"19","Gecse"
"19","Kóka"
"19","Nemesgörzsöny"
"19","Salföld"
"19","Várpalota"
"19","Balatonhenye"
"19","Egeralja"
"19","Királyszentistván"
"19","Nagyalásony"
"19","Porrog"
"19","Ugod"
"19","Balatonakali"
"19","Dabrony"
"19","Káptalanfa"
"19","Mencshely"
"19","Pápakovácsi"
"19","Tagyon"
"19","Zirc"
"19","Bakonypölöske"
"19","Csehbánya"
"19","Hidegkút"
"19","Magyargencs"
"19","Óbudavár"
"19","Szentantalfa"
"19","Vöröstó"
"19","Badacsonytördemic"
"19","Békás"
"19","Hajmáskér"
"19","Kutasó"
"19","Nemesvámos"
"19","Somberek"
"19","Veszprémfajsz"
"19","Adásztevel"
"19","Balatonszőlős"
"19","Felsőörs"
"19","Kislőd"
"19","Nagypirit"
"19","Révfülöp"
"19","Vanyola"
"19","Balatonfőkajár"
"19","Dör"
"19","Kemeneshőgyész"
"19","Mónosbél"
"19","Pécsely"
"19","Tés"
"19","Bakonyszentlászló"
"19","Csongrád"
"19","Jásd"
"19","Marcaltő"
"19","Paloznak"
"19","Szentjakabfa"
"19","Zalameggyes"
"19","Bakonykoppány"
"19","Borota"
"19","Hegymagas"
"19","Litér"
"19","Noszlop"
"19","Sumony"
"19","Vigántpetend"
"19","Apácatorna"
"19","Barnag"
"19","Gic"
"19","Kövegy"
"19","Nemesgulács"
"19","Sáska"
"19","Vászoly"
"19","Balatonkenese"
"19","Egyházaskesző"
"19","Kisapáti"
"19","Nagydém"
"19","Pula"
"19","Ukk"
"19","Balatonalmádi"
"19","Dáka"
"19","Káptalantóti"
"19","Mezőlak"
"19","Pápasalamon"
"19","Takácsi"
"19","Bakonyság"
"19","Csesznek"
"19","Hollókő"
"19","Magyarpolány"
"19","Ököritófülpös"
"19","Szentbékkálla"
"19","Zalaerdőd"
"19","Bakonybél"
"19","Berhida"
"19","Halimba"
"19","Lesencefalu"
"19","Nemesvita"
"19","Somlójenő"
"19","Veszprémgalsa"
"19","Adorjánháza"
"19","Balatonudvari"
"19","Fenyőfő"
"19","Kispirit"
"19","Nagytevel"
"19","Rigács"
"19","Várkesző"
"19","Balatonfüred"
"19","Döröske"
"19","Kemenesszentpéter"
"19","Monostorpályi"
"19","Penyige"
"19","Tihany"
"19","Bakonyszücs"
"19","Csonkahegyhát"
"19","Kamond"
"19","Márkó"
"19","Pápa"
"19","Szentkirályszabadja"
"19","Zalaszegvár"
"19","Bakonynána"
"19","Csabrendek"
"19","Herend"
"19","Lőkösháza"
"19","Nyárád"
"19","Surd"
"19","Vilonya"
"19","Aszófő"
"19","Bazsi"
"19","Gyepükaján"
"19","Kozmadombja"
"19","Nemeshany"
"19","Sikátor"
"19","Vaszar"
"19","Balatonrendes"
"19","Eplény"
"19","Kisberzseny"
"19","Nagyesztergár"
"19","Pusztaföldvár"
"19","Úrhida"
"19","Balatoncsicsó"
"19","Devecser"
"19","Karakószörcsök"
"19","Mihályháza"
"19","Pápateszér"
"19","Taliándörögd"
"19","Bakonyszentiván"
"19","Csetény"
"19","Hosszúvölgy"
"19","Malomsok"
"19","Öreglak"
"19","Szentgál"
"19","Zalagyömörő"
"19","Bakonygyirót"
"19","Bodmér"
"19","Hárskút"
"19","Lesenceistvánd"
"19","Németbánya"
"19","Somlószőlős"
"19","Veszprémvarsány"
"19","Ajka"
"19","Balatonvilágos"
"19","Ganna"
"19","Kisszőlős"
"19","Nagyvázsony"
"19","Röjtökmuzsaj"
"19","Városlőd"
"19","Balatonfűzfő"
"19","Dudar"
"19","Kerta"
"19","Nagyacsád"
"19","Pétfürdő"
"19","Tuzsér"
"19","Bakonytamási"
"19","Dabronc"
"19","Kapolcs"
"19","Megyer"
"19","Pápadereske"
"19","Szigliget"
"19","Zánka"
"19","Bakonyoszlop"
"19","Csajág"
"19","Hetyefő"
"19","Lovas"
"19","Nyirád"
"19","Szápár"
"19","Vinár"
"19","Badacsonytomaj"
"19","Béb"
"19","Gyulaj"
"19","Kutas"
"19","Nemesszalók"
"19","Soltvadkert"
"19","Veszprém"
"19","Ábrahámhegy"
"19","Balatonszepezd"
"19","Farkasgyepű"
"19","Kiscsősz"
"19","Nagygyimót"
"19","Raposka"
"19","Üröm"
"19","Balatonederics"
"19","Doba"
"19","Kékkút"
"19","Mindszentkálla"
"19","Papkeszi"
"19","Tapolca"
"19","Bakonyszentkirály"
"19","Csömend"
"19","Iszkáz"
"19","Marcalgergelyi"
"19","Örvényes"
"19","Szentimrefalva"
"19","Zalahaláp"
"19","Bakonyjákó"
"19","Borjád"
"19","Hegyesd"
"19","Lesencetomaj"
"19","Nóráp"
"19","Somlóvásárhely"
"19","Vid"
"20","Egeraracsa"
"20","Kálócfa"
"20","Letenye"
"20","Nemesnép"
"20","Pusztamonostor"
"20","Törökbálint"
"20","Zalaszabar"
"20","Bánokszentgyörgy"
"20","Csorna"
"20","Homokbödöge"
"20","Kup"
"20","Nagylengyel"
"20","Porva"
"20","Szijártóháza"
"20","Zalaistvánd"
"20","Babosdöbréte"
"20","Bucsuta"
"20","Gutorfölde"
"20","Kiskutas"
"20","Murarátka"
"20","Pálfiszeg"
"20","Szentgyörgyvölgy"
"20","Zalabér"
"20","Bogdása"
"20","Garabonc"
"20","Kerkaszentkirály"
"20","Miháld"
"20","Orgovány"
"20","Sénye"
"20","Vindornyalak"
"20","Zalaszombatfa"
"20","Felsőpáhok"
"20","Kehidakustány"
"20","Liszó"
"20","Nemesszentandrás"
"20","Rezi"
"20","Valkonya"
"20","Zalaszentgyörgy"
"20","Becsehely"
"20","Dobri"
"20","Iklódbördőce"
"20","Lendvadedes"
"20","Nemesapáti"
"20","Püski"
"20","Tófej"
"20","Zalalövő"
"20","Baktüttös"
"20","Csertalakos"
"20","Hahót"
"20","Kistolmács"
"20","Nagykanizsa"
"20","Petrivente"
"20","Szentpéterfölde"
"20","Zalaegerszeg"
"20","Alsópáhok"
"20","Borszörcsök"
"20","Gétye"
"20","Kisbucsa"
"20","Misefa"
"20","Padár"
"20","Szalapa"
"20","Zajk"
"20","Zalavég"
"20","Füzvölgy"
"20","Kerkabarabás"
"20","Magyarszerdahely"
"20","Ölbő"
"20","Sárhida"
"20","Vasboldogasszony"
"20","Zalaszentlőrinc"
"20","Bezeréd"
"20","Egervár"
"20","Kányavár"
"20","Lickóvadamos"
"20","Nemespátró"
"20","Ramocsa"
"20","Törökkoppány"
"20","Zalaszántó"
"20","Barlahida"
"20","Csorvás"
"20","Hosszúvíz"
"20","Kustánszeg"
"20","Nagypáli"
"20","Pósfa"
"20","Szilvágy"
"20","Zalakaros"
"20","Baglad"
"20","Csapi"
"20","Gyenesdiás"
"20","Kispáli"
"20","Muraszemenye"
"20","Pat"
"20","Szentkozmadombja"
"20","Zalaboldogfa"
"20","Alibánfa"
"20","Bölcske"
"20","Gellénháza"
"20","Kerkateskánd"
"20","Mihályfa"
"20","őrhalom"
"20","Söréd"
"20","Vindornyaszőlős"
"20","Zalatárnok"
"20","Felsőrajk"
"20","Kemendollár"
"20","Lothárd"
"20","Németfalu"
"20","Rigyác"
"20","Vállus"
"20","Zalaszentiván"
"20","Becsvölgye"
"20","Domoszló"
"20","Kacorlak"
"20","Lendvajakabfa"
"20","Nemesbük"
"20","Pusztaapáti"
"20","Tömörd"
"20","Zalamerenye"
"20","Balatongyörök"
"20","Csesztreg"
"20","Hernyék"
"20","Kisvásárhely"
"20","Nagykapornak"
"20","Pókaszepetk"
"20","Szentpéterúr"
"20","Zalaháshágy"
"20","Alsórajk"
"20","Bozsok"
"20","Gölle"
"20","Kiscsehi"
"20","Mohora"
"20","Páka"
"20","Szécsisziget"
"20","Zalaapáti"
"20","Zebecke"
"20","Gáborjánháza"
"20","Kerkafalva"
"20","Maróc"
"20","Oltárc"
"20","Sármellék"
"20","Vaspör"
"20","Zalaszentmárton"
"20","Boba"
"20","Eszteregnye"
"20","Karmacs"
"20","Ligetfalva"
"20","Nemesrádó"
"20","Rédics"
"20","Tüskevár"
"20","Zalaszentbalázs"
"20","Batyk"
"20","Dióskál"
"20","Hosztót"
"20","Lakhegy"
"20","Nagyrada"
"20","Pötréte"
"20","Teskánd"
"20","Zalakomár"
"20","Bagod"
"20","Csatár"
"20","Győrős"
"20","Kisrécse"
"20","Nagybakónak"
"20","Pethőhenye"
"20","Szentliszló"
"20","Zalacsány"
"20","Almásháza"
"20","Boncodfölde"
"20","Gelse"
"20","Keszthely"
"20","Mikekarácsonyfa"
"20","Ortaháza"
"20","Sóstófalva"
"20","Vonyarcvashegy"
"20","Zalaújlak"
"20","Felsőszenterzsébet"
"20","Keménfa"
"20","Magyarföld"
"20","Nőtincs"
"20","Salomvár"
"20","Várfölde"
"20","Zalaszentjakab"
"20","Belezna"
"20","Dövény"
"20","Kallósd"
"20","Lenti"
"20","Nemeshetés"
"20","Pusztaederics"
"20","Tornabarakony"
"20","Zalasárszeg"
"20","Balatonmagyaród"
"20","Csomád"
"20","Hévíz"
"20","Korlát"
"20","Nagykutas"
"20","Porpác"
"20","Szepetnek"
"20","Zalaigrice"
"20","Alsószenterzsébet"
"20","Bucsuszentlászló"
"20","Gosztola"
"20","Kisgörbő"
"20","Murakeresztúr"
"20","Pakod"
"20","Szentgyörgyvár"
"20","Zalabaksa"
"20","Galambok"
"20","Kerkakutas"
"20","Márokföld"
"20","Orbányosfa"
"20","Semjénháza"
"20","Vindornyafok"
"20","Zalaszentmihály"
"20","Bőcs"
"20","Esztergályhorváti"
"20","Kávás"
"20","Lispeszentadorján"
"20","Nemessándorháza"
"20","Resznek"
"20","Újudvar"
"20","Zalaszentgrót"
"20","Bázakerettye"
"20","Doboz"
"20","Iborfia"
"20","Lasztonya"
"20","Nagyrécse"
"20","Potyond"
"20","Tilaj"
"20","Zalaköveskút"
"20","Bak"
"20","Cserszegtomaj"
"20","Hagyárosbörönd"
"20","Kissziget"
"20","Nagygörbő"
"20","Petrikeresztúr"
"20","Szentmargitfalva"
"20","Zalacséb"
"20","Alsónemesapáti"
"20","Borsosberény"
"20","Gelsesziget"
"20","Kilimán"
"20","Milejszeg"
"20","Pacsa"
"20","Súr"
"20","Vöckönd"
"20","Zalavár"
"20","Fityeház"
"20","Kerecseny"
"20","Magyarszentmiklós"
"20","Ófalu"
"20","Sand"
"20","Várvölgy"
"20","Zalaszentlászló"
"20","Belsősárd"
